{"epoch": 6, "train/r_tot": {"_type": "histogram", "values": [1, 0, 0, 1, 1, 0, 0, 1, 5, 9, 13, 29, 54, 147, 294, 773, 2131, 7131, 28042, 65709, 33515, 8657, 2568, 882, 338, 130, 51, 26, 14, 4, 1, 1], "bins": [-0.079832062125206, -0.07575248926877975, -0.07167292386293411, -0.06759335100650787, -0.06351378560066223, -0.05943421646952629, -0.05535464361310005, -0.05127507448196411, -0.04719550535082817, -0.04311593621969223, -0.03903636708855629, -0.03495679795742035, -0.03087722882628441, -0.026797659695148468, -0.022718088701367378, -0.018638519570231438, -0.014558950439095497, -0.010479381307959557, -0.006399811245501041, -0.002320242114365101, 0.001759327482432127, 0.005838897079229355, 0.009918466210365295, 0.01399803627282381, 0.018077604472637177, 0.022157175466418266, 0.026236744597554207, 0.030316313728690147, 0.03439588472247124, 0.03847545385360718, 0.04255502298474312, 0.04663459211587906, 0.050714161247015]}, "train/x": {"_type": "histogram", "values": [10649, 642, 743, 2513, 2740, 2574, 2757, 2813, 2982, 3048, 1194, 1243, 1456, 1524, 3263, 3514, 2150, 1629, 2979, 3924, 4467, 5673, 6700, 6878, 8152, 13618, 10852, 8893, 8336, 8008, 8948, 5666], "bins": [-2.1567182540893555, -2.006284236907959, -1.855850100517273, -1.705415964126587, -1.5549819469451904, -1.4045478105545044, -1.2541136741638184, -1.1036796569824219, -0.9532455205917358, -0.8028114438056946, -0.6523773670196533, -0.5019432306289673, -0.351509153842926, -0.20107506215572357, -0.05064097046852112, 0.09979312121868134, 0.2502272129058838, 0.40066128969192505, 0.5510953664779663, 0.7015295028686523, 0.8519635796546936, 1.0023976564407349, 1.152831792831421, 1.3032658100128174, 1.4536999464035034, 1.6041340827941895, 1.754568099975586, 1.905002236366272, 2.055436372756958, 2.2058703899383545, 2.356304407119751, 2.5067386627197266, 2.657172679901123]}, "train/fs": {"_type": "histogram", "values": [3, 6, 12, 21, 37, 62, 95, 100, 130, 147, 92, 97, 81, 50, 26, 14, 12, 3, 2, 4, 2, 1, 0, 0, 1, 0, 0, 0, 0, 0, 0, 2], "bins": [-5.646400451660156, -5.043299198150635, -4.440197944641113, -3.8370964527130127, -3.233995199203491, -2.6308939456939697, -2.027792453765869, -1.4246912002563477, -0.8215899467468262, -0.2184886336326599, 0.38461267948150635, 0.9877139925956726, 1.5908153057098389, 2.1939165592193604, 2.797018051147461, 3.4001193046569824, 4.003220558166504, 4.606321811676025, 5.209423065185547, 5.812524318695068, 6.41562557220459, 7.0187273025512695, 7.621828556060791, 8.224929809570312, 8.828031539916992, 9.431132316589355, 10.034234046936035, 10.637334823608398, 11.240436553955078, 11.843537330627441, 12.446639060974121, 13.049739837646484, 13.652841567993164]}, "train/k_i": 908, "learning_rate": 0.001, "_timestamp": 1699377778, "_runtime": 7, "_step": 4, "_wandb": {"runtime": 1}}