{"epoch": 4, "train/r_tot": {"_type": "histogram", "values": [3, 2, 4, 4, 6, 13, 32, 47, 87, 162, 314, 714, 1566, 3496, 8212, 19152, 38129, 40356, 21766, 9320, 3937, 1652, 804, 361, 181, 84, 60, 28, 17, 9, 5, 5], "bins": [-0.010703472420573235, -0.010076441802084446, -0.009449411183595657, -0.008822379633784294, -0.008195349015295506, -0.007568318396806717, -0.006941287778317928, -0.006314256694167852, -0.005687226075679064, -0.005060195457190275, -0.004433164373040199, -0.0038061337545514107, -0.0031791029032319784, -0.002552072051912546, -0.0019250413170084357, -0.0012980105821043253, -0.000670979730784893, -4.394893767312169e-05, 0.0005830818554386497, 0.00121011259034276, 0.0018371434416621923, 0.0024641742929816246, 0.003091204911470413, 0.0037182357627898455, 0.004345266614109278, 0.004972297232598066, 0.005599328316748142, 0.006226358935236931, 0.0068533895537257195, 0.007480420637875795, 0.008107451722025871, 0.00873448234051466, 0.009361512959003448]}, "train/x": {"_type": "histogram", "values": [204, 466, 1078, 2105, 3066, 3600, 4197, 5464, 7107, 8546, 7574, 6814, 6309, 6334, 6410, 6273, 6354, 7355, 7226, 5879, 6392, 6367, 5581, 4551, 4297, 3883, 4099, 3801, 4120, 2551, 1446, 1079], "bins": [-1.9492592811584473, -1.8074228763580322, -1.6655865907669067, -1.5237501859664917, -1.3819139003753662, -1.2400774955749512, -1.0982412099838257, -0.9564048051834106, -0.8145684599876404, -0.6727321147918701, -0.5308957695960999, -0.3890593945980072, -0.24722304940223694, -0.10538669675588608, 0.03644965589046478, 0.17828601598739624, 0.3201223611831665, 0.46195870637893677, 0.603795051574707, 0.7456313967704773, 0.8874677419662476, 1.0293041467666626, 1.171140432357788, 1.3129768371582031, 1.4548132419586182, 1.5966495275497437, 1.7384859323501587, 1.8803222179412842, 2.022158622741699, 2.1639950275421143, 2.30583119392395, 2.4476675987243652, 2.5895040035247803]}, "train/fs": {"_type": "histogram", "values": [1, 3, 10, 13, 35, 66, 69, 87, 106, 122, 100, 85, 74, 56, 52, 37, 19, 21, 13, 9, 6, 3, 6, 2, 2, 0, 1, 0, 0, 0, 0, 2], "bins": [-7.018552780151367, -6.343950271606445, -5.669347286224365, -4.994744300842285, -4.320141792297363, -3.6455390453338623, -2.9709362983703613, -2.2963335514068604, -1.6217308044433594, -0.9471280574798584, -0.2725253105163574, 0.40207743644714355, 1.0766801834106445, 1.7512829303741455, 2.4258856773376465, 3.1004884243011475, 3.7750911712646484, 4.44969367980957, 5.12429666519165, 5.7988996505737305, 6.473502159118652, 7.148104667663574, 7.822707653045654, 8.497310638427734, 9.171913146972656, 9.846515655517578, 10.5211181640625, 11.195721626281738, 11.87032413482666, 12.544926643371582, 13.21953010559082, 13.894132614135742, 14.568735122680664]}, "train/k_i": 867, "learning_rate": 0.001, "_timestamp": 1699417604, "_runtime": 5, "_step": 2, "_wandb": {"runtime": 1}}