{"epoch": 3, "train/r_tot": {"_type": "histogram", "values": [1, 1, 2, 4, 4, 7, 11, 22, 44, 103, 218, 563, 1416, 3963, 12630, 42692, 58462, 20607, 6296, 2130, 770, 319, 142, 61, 31, 9, 11, 5, 3, 0, 0, 1], "bins": [-0.0028816256672143936, -0.002703725593164563, -0.0025258255191147327, -0.0023479254450649023, -0.002170025371015072, -0.0019921252969652414, -0.0018142253393307328, -0.0016363252652809024, -0.001458425191231072, -0.0012805251171812415, -0.001102625043131411, -0.0009247250272892416, -0.0007468249532394111, -0.0005689248791895807, -0.0003910248342435807, -0.0002131247747456655, -3.522471524775028e-05, 0.00014267534425016493, 0.00032057540374808013, 0.0004984754486940801, 0.0006763755227439106, 0.000854275596793741, 0.0010321756126359105, 0.001210075686685741, 0.0013879757607355714, 0.0015658758347854018, 0.0017437759088352323, 0.0019216759828850627, 0.0020995759405195713, 0.0022774760145694017, 0.002455376088619232, 0.0026332761626690626, 0.002811176236718893]}, "train/x": {"_type": "histogram", "values": [38, 281, 645, 1577, 2378, 4860, 9171, 13322, 20593, 20450, 19302, 13870, 9617, 6438, 4753, 3545, 3113, 2213, 1825, 2015, 1649, 1112, 856, 917, 901, 940, 1105, 925, 626, 581, 702, 208], "bins": [-1.8098115921020508, -1.6942181587219238, -1.5786246061325073, -1.4630311727523804, -1.3474377393722534, -1.231844186782837, -1.11625075340271, -1.000657320022583, -0.8850638270378113, -0.7694703340530396, -0.6538769006729126, -0.5382834076881409, -0.42268994450569153, -0.3070964813232422, -0.19150300323963165, -0.07590953260660172, 0.03968393802642822, 0.15527740120887756, 0.2708708643913269, 0.38646435737609863, 0.5020577907562256, 0.6176512837409973, 0.733244776725769, 0.848838210105896, 0.9644317030906677, 1.0800251960754395, 1.1956186294555664, 1.3112120628356934, 1.4268056154251099, 1.5423990488052368, 1.6579924821853638, 1.7735860347747803, 1.8891794681549072]}, "train/fs": {"_type": "histogram", "values": [2, 5, 9, 12, 24, 41, 43, 48, 67, 83, 79, 65, 69, 86, 59, 58, 52, 35, 40, 32, 23, 16, 13, 11, 7, 9, 5, 2, 0, 1, 1, 3], "bins": [-6.119906902313232, -5.638868808746338, -5.157831192016602, -4.676793098449707, -4.195755481719971, -3.714717388153076, -3.2336795330047607, -2.7526416778564453, -2.271603584289551, -1.790565848350525, -1.30952787399292, -0.8284900188446045, -0.3474521040916443, 0.13358579576015472, 0.6146236658096313, 1.0956616401672363, 1.5766994953155518, 2.057737350463867, 2.5387752056121826, 3.019813299179077, 3.5008511543273926, 3.981889009475708, 4.462926864624023, 4.943964958190918, 5.425002574920654, 5.906040668487549, 6.387078285217285, 6.86811637878418, 7.349154472351074, 7.8301920890808105, 8.311229705810547, 8.792267799377441, 9.273305892944336]}, "train/k_i": 101, "learning_rate": 0.001, "_timestamp": 1699417641, "_runtime": 4, "_step": 1, "_wandb": {"runtime": 0}}