{"epoch": 6, "train/r_tot": {"_type": "histogram", "values": [1, 0, 0, 0, 2, 0, 0, 1, 5, 11, 12, 31, 57, 148, 294, 796, 2200, 7289, 28769, 65709, 32763, 8480, 2538, 854, 340, 133, 51, 25, 13, 4, 1, 1], "bins": [-0.07958783209323883, -0.07551699876785278, -0.07144616544246674, -0.06737532466650009, -0.06330449134111404, -0.059233658015728, -0.05516282469034195, -0.051091987639665604, -0.047021154314279556, -0.04295031726360321, -0.03887948393821716, -0.034808650612831116, -0.03073781356215477, -0.026666978374123573, -0.022596145048737526, -0.01852530986070633, -0.014454474672675133, -0.010383639484643936, -0.006312805227935314, -0.0022419700399041176, 0.0018288646824657917, 0.005899699404835701, 0.009970534592866898, 0.01404136884957552, 0.01811220496892929, 0.022183038294315338, 0.026253873482346535, 0.03032470867037773, 0.03439554199576378, 0.038466379046440125, 0.04253721237182617, 0.04660804942250252, 0.050678882747888565]}, "train/x": {"_type": "histogram", "values": [10648, 642, 739, 2513, 2739, 2578, 2748, 2815, 2983, 3054, 1194, 1239, 1460, 1524, 3255, 3521, 2149, 1628, 2980, 3921, 4463, 5669, 6703, 6882, 8148, 13604, 10863, 8901, 8322, 8026, 8948, 5669], "bins": [-2.1571788787841797, -2.0067362785339355, -1.8562934398651123, -1.7058507204055786, -1.555408000946045, -1.4049654006958008, -1.254522681236267, -1.1040799617767334, -0.9536372423171997, -0.803194522857666, -0.6527518033981323, -0.5023091435432434, -0.3518664240837097, -0.20142371952533722, -0.05098101496696472, 0.09946168959140778, 0.24990439414978027, 0.40034711360931396, 0.5507898330688477, 0.7012324929237366, 0.8516752123832703, 1.0021178722381592, 1.1525605916976929, 1.3030033111572266, 1.4534460306167603, 1.603888750076294, 1.7543314695358276, 1.9047741889953613, 2.0552167892456055, 2.2056596279144287, 2.356102228164673, 2.506545066833496, 2.6569876670837402]}, "train/fs": {"_type": "histogram", "values": [3, 6, 12, 21, 37, 62, 96, 99, 127, 151, 91, 96, 80, 52, 26, 14, 12, 3, 2, 4, 2, 1, 0, 0, 1, 0, 0, 0, 0, 0, 0, 2], "bins": [-5.6455607414245605, -5.042665958404541, -4.4397711753845215, -3.836876153945923, -3.2339813709259033, -2.631086587905884, -2.0281918048858643, -1.4252969026565552, -0.8224021196365356, -0.21950729191303253, 0.3833875358104706, 0.9862823486328125, 1.589177131652832, 2.1920719146728516, 2.79496693611145, 3.3978617191314697, 4.00075626373291, 4.603651523590088, 5.206546306610107, 5.809441089630127, 6.4123358726501465, 7.015230655670166, 7.6181254386901855, 8.221020698547363, 8.823915481567383, 9.426810264587402, 10.029705047607422, 10.632599830627441, 11.235494613647461, 11.83838939666748, 12.4412841796875, 13.04417896270752, 13.647073745727539]}, "train/k_i": 908, "learning_rate": 0.001, "_timestamp": 1699380391, "_runtime": 7, "_step": 4, "_wandb": {"runtime": 2}}