{"epoch": 4, "train/r_tot": {"_type": "histogram", "values": [1, 0, 2, 2, 2, 4, 12, 13, 42, 92, 177, 407, 959, 2437, 7008, 21430, 62813, 37266, 11358, 3842, 1511, 631, 258, 127, 64, 37, 13, 8, 6, 3, 1, 2], "bins": [-0.004561689682304859, -0.004289009142667055, -0.004016328603029251, -0.0037436482962220907, -0.0034709679894149303, -0.0031982874497771263, -0.002925607142969966, -0.002652926603332162, -0.0023802462965250015, -0.0021075657568871975, -0.0018348853336647153, -0.001562204910442233, -0.001289524370804429, -0.0010168439475819468, -0.0007441635243594646, -0.00047148310113698244, -0.00019880267791450024, 7.38777598598972e-05, 0.00034655819763429463, 0.0006192386499606073, 0.0008919190731830895, 0.0011645995546132326, 0.0014372799778357148, 0.001709960401058197, 0.001982640940696001, 0.0022553212475031614, 0.0025280017871409655, 0.002800682093948126, 0.00307336263358593, 0.0033460429403930902, 0.0036187234800308943, 0.0038914037868380547, 0.004164084326475859]}, "train/x": {"_type": "histogram", "values": [932, 4048, 5390, 6669, 9954, 10857, 11732, 9527, 9631, 7976, 7453, 4302, 3605, 2681, 2502, 2366, 2285, 1936, 1606, 1353, 1082, 1075, 1101, 1147, 1244, 1327, 1423, 1827, 6484, 7122, 10156, 9735], "bins": [-1.7231724262237549, -1.5867862701416016, -1.4504002332687378, -1.3140140771865845, -1.1776280403137207, -1.0412418842315674, -0.9048557877540588, -0.7684696912765503, -0.6320835947990417, -0.4956974983215332, -0.35931140184402466, -0.22292527556419373, -0.08653917908668518, 0.04984692484140396, 0.1862330287694931, 0.32261914014816284, 0.4590052366256714, 0.5953913331031799, 0.7317774295806885, 0.868163526058197, 1.0045496225357056, 1.1409357786178589, 1.2773218154907227, 1.413707971572876, 1.5500941276550293, 1.686480164527893, 1.8228663206100464, 1.9592523574829102, 2.0956385135650635, 2.232024669647217, 2.368410587310791, 2.5047967433929443, 2.6411828994750977]}, "train/fs": {"_type": "histogram", "values": [1, 2, 2, 4, 13, 16, 27, 38, 44, 62, 77, 91, 84, 76, 70, 66, 61, 71, 46, 41, 37, 19, 15, 12, 9, 6, 3, 3, 1, 1, 0, 2], "bins": [-7.374720573425293, -6.845022678375244, -6.315324783325195, -5.785627365112305, -5.255929470062256, -4.726231575012207, -4.196534156799316, -3.6668362617492676, -3.1371383666992188, -2.60744047164917, -2.0777428150177, -1.548045039176941, -1.0183472633361816, -0.48864948749542236, 0.041048288345336914, 0.5707460641860962, 1.1004438400268555, 1.6301416158676147, 2.159839391708374, 2.6895370483398438, 3.2192349433898926, 3.7489328384399414, 4.278630256652832, 4.808328151702881, 5.33802604675293, 5.8677239418029785, 6.397421836853027, 6.927119255065918, 7.456817150115967, 7.986515045166016, 8.516212463378906, 9.045910835266113, 9.575608253479004]}, "train/k_i": 73, "learning_rate": 0.001, "_timestamp": 1699417625, "_runtime": 6, "_step": 2, "_wandb": {"runtime": 1}}