{"epoch": 2, "train/r_tot": {"_type": "histogram", "values": [2, 1, 0, 1, 2, 13, 7, 15, 45, 109, 219, 511, 1342, 3683, 10993, 35075, 57630, 27410, 8816, 2894, 1032, 407, 159, 79, 40, 17, 12, 6, 6, 0, 0, 2], "bins": [-4.767002792505082e-06, -4.476112280826783e-06, -4.185221769148484e-06, -3.894331712217536e-06, -3.603441200539237e-06, -3.312550688860938e-06, -3.021660177182639e-06, -2.7307698928780155e-06, -2.4398793811997166e-06, -2.1489888695214177e-06, -1.8580985852167942e-06, -1.5672080735384952e-06, -1.276317675547034e-06, -9.854272775555728e-07, -6.945368227206927e-07, -4.036463963075221e-07, -1.1275596989435144e-07, 1.781344565188192e-07, 4.6902488293198985e-07, 7.599153377668699e-07, 1.0508057357583311e-06, 1.3416961337497924e-06, 1.6325866454280913e-06, 1.9234769297327148e-06, 2.2143674414110137e-06, 2.5052579530893127e-06, 2.796148237393936e-06, 3.087038749072235e-06, 3.377929260750534e-06, 3.6688195450551575e-06, 3.959709829359781e-06, 4.25060034103808e-06, 4.541490852716379e-06]}, "train/x": {"_type": "histogram", "values": [46, 442, 2153, 3362, 5443, 6607, 9870, 11343, 9299, 8721, 9885, 9396, 8320, 7351, 9948, 8921, 7652, 5505, 3106, 2944, 2895, 2544, 2532, 2154, 1976, 1888, 1708, 1597, 1422, 1003, 424, 71], "bins": [-1.8256298303604126, -1.6943273544311523, -1.563024878501892, -1.4317222833633423, -1.300419807434082, -1.1691173315048218, -1.0378148555755615, -0.9065123200416565, -0.7752097845077515, -0.6439073085784912, -0.512604832649231, -0.3813022971153259, -0.24999980628490448, -0.11869730055332184, 0.012605197727680206, 0.14390769600868225, 0.2752102017402649, 0.40651270747184753, 0.5378152132034302, 0.6691176891326904, 0.8004202246665955, 0.9317227005958557, 1.0630252361297607, 1.194327712059021, 1.3256301879882812, 1.4569326639175415, 1.5882352590560913, 1.7195377349853516, 1.8508402109146118, 1.982142686843872, 2.113445281982422, 2.2447476387023926, 2.3760502338409424]}, "train/fs": {"_type": "histogram", "values": [4, 2, 11, 15, 33, 39, 44, 50, 47, 72, 64, 69, 79, 46, 65, 63, 46, 67, 34, 35, 32, 24, 18, 10, 10, 5, 5, 5, 1, 1, 2, 2], "bins": [-7.028245449066162, -6.4905619621276855, -5.952878952026367, -5.415195465087891, -4.877512454986572, -4.339828968048096, -3.8021459579467773, -3.26446270942688, -2.7267794609069824, -2.189095973968506, -1.651412844657898, -1.1137295961380005, -0.5760462880134583, -0.0383630245923996, 0.49932023882865906, 1.037003517150879, 1.5746867656707764, 2.112370014190674, 2.6500532627105713, 3.1877365112304688, 3.725419759750366, 4.263103008270264, 4.80078649520874, 5.338469505310059, 5.876152992248535, 6.4138360023498535, 6.95151948928833, 7.489202499389648, 8.026885986328125, 8.564569473266602, 9.102252006530762, 9.639935493469238, 10.177618980407715]}, "train/k_i": 925, "learning_rate": 0.001, "_timestamp": 1699417584, "_runtime": 6, "_step": 0, "_wandb": {"runtime": 1}}